Repo,Topics
operator-sdk,Management for DevOps
client_java,Metric Monitoring and Prometheus Integration
openfga,Containerization and Docker Commands
falco,Service and Cluster Management in Networking
python-tuf,Security Policies and Meetings
kubeedge,Service and Cluster Management in Networking
chart-testing,Containerization and Docker Commands
werf,Service and Cluster Management in Networking
tools,Management for DevOps
parsec,Service and Cluster Management in Networking
api,Management for DevOps
opentelemetry-js,Management for DevOps
opentelemetry-java,Management for DevOps
kube-vip,Service and Cluster Management in Networking
bfe,Service and Cluster Management in Networking
karmada,Kubernetes Cluster Management and Resource Provisioning.
clusternet,Service and Cluster Management in Networking
k3s,Service and Cluster Management in Networking
kubewarden-controller,Security Policies and Meetings
kubernetes,Security Policies and Meetings
in-toto,Security Policies and Meetings
kruise,Service and Cluster Management in Networking
thanos,Metric Monitoring and Prometheus Integration
hub,Management for DevOps
openyurt,Service and Cluster Management in Networking
curiefense,Security Policies and Meetings
antrea,Service and Cluster Management in Networking
opa,Security Policies and Meetings
foniod,Service and Cluster Management in Networking
kudo,Security Policies and Meetings
jaeger,Management for DevOps
porter,Security Policies and Meetings
operator,Kubernetes Cluster Management and Resource Provisioning.
external-secrets,Security Policies and Meetings
longhorn,Security Policies and Meetings
kubeflow,Service and Cluster Management in Networking
helm,Containerization and Docker Commands
tremor-runtime,Containerization and Docker Commands
chaosblade,Containerization and Docker Commands
spiffe,Service and Cluster Management in Networking
openebs,Kubernetes Cluster Management and Resource Provisioning.
keptn,Management for DevOps
skooner,Kubernetes Cluster Management and Resource Provisioning.
policy,Containerization and Docker Commands
lima,Containerization and Docker Commands
OpenFunction,Service and Cluster Management in Networking
alertmanager,Metric Monitoring and Prometheus Integration
chart-releaser,Management for DevOps
emissary,Service and Cluster Management in Networking
linkerd2,Security Policies and Meetings
client_golang,Management for DevOps
kuma,Service and Cluster Management in Networking
fluentd,Containerization and Docker Commands
krustlet,Security Policies and Meetings
clusterpedia,Kubernetes Cluster Management and Resource Provisioning.
kubescape,Security Policies and Meetings
opentelemetry-collector-contrib,Management for DevOps
flux2,Service and Cluster Management in Networking
opentelemetry-collector,Management for DevOps
node_exporter,Containerization and Docker Commands
kubeclipper,Service and Cluster Management in Networking
kured,Security Policies and Meetings
dex,Management for DevOps
blackbox_exporter,Metric Monitoring and Prometheus Integration
k8up,Kubernetes Cluster Management and Resource Provisioning.
etcd,Management for DevOps
inclavare-containers,Containerization and Docker Commands
pushgateway,Metric Monitoring and Prometheus Integration
ko,Containerization and Docker Commands
krator,Security Policies and Meetings
cri-o,Containerization and Docker Commands
istio,Service and Cluster Management in Networking
prometheus,Metric Monitoring and Prometheus Integration
wasmCloud,Service and Cluster Management in Networking
containerd,Containerization and Docker Commands
fluid,Security Policies and Meetings
headlamp,Service and Cluster Management in Networking
crossplane,Security Policies and Meetings
rook,Security Policies and Meetings
vitess,Security Policies and Meetings
opentelemetry-dotnet,Management for DevOps
submariner,Service and Cluster Management in Networking
pixie,Service and Cluster Management in Networking
superedge,Service and Cluster Management in Networking
virtual-kubelet,Kubernetes Cluster Management and Resource Provisioning.
tikv,Service and Cluster Management in Networking
keylime,Service and Cluster Management in Networking
openelb,Service and Cluster Management in Networking
cdk8s,Management for DevOps
opencost,Service and Cluster Management in Networking
harbor,Security Policies and Meetings
vscode-kubernetes-tools,Containerization and Docker Commands
aeraki,Service and Cluster Management in Networking
capsule,Service and Cluster Management in Networking
istio.io,Management for DevOps
k8gb,Service and Cluster Management in Networking
grpc,Management for DevOps
cubefs,Security Policies and Meetings
policy-orchestrator,Security Policies and Meetings
volcano,Kubernetes Cluster Management and Resource Provisioning.
keda,Service and Cluster Management in Networking
carina,Kubernetes Cluster Management and Resource Provisioning.
kubevela,Security Policies and Meetings
nocalhost,Security Policies and Meetings
hwameistor,Kubernetes Cluster Management and Resource Provisioning.
service-mesh-performance,Service and Cluster Management in Networking
smi-spec,Service and Cluster Management in Networking
paralus,Security Policies and Meetings
kpt,Service and Cluster Management in Networking
WasmEdge,Service and Cluster Management in Networking
ytt,Containerization and Docker Commands
cert-manager,Security Policies and Meetings
strimzi-kafka-operator,Security Policies and Meetings
chartmuseum,Kubernetes Cluster Management and Resource Provisioning.
serving,Service and Cluster Management in Networking
opentelemetry-go,Management for DevOps
keycloak,Service and Cluster Management in Networking
piraeus-operator,Management for DevOps
osm,Service and Cluster Management in Networking
spire,Security Policies and Meetings
jmx_exporter,Metric Monitoring and Prometheus Integration
meshery,Service and Cluster Management in Networking
kepler,Security Policies and Meetings
sealer,Containerization and Docker Commands
devstream,Management for DevOps
curve,Service and Cluster Management in Networking
oras,Containerization and Docker Commands
Xline,Service and Cluster Management in Networking
argo-cd,Containerization and Docker Commands
mysqld_exporter,Metric Monitoring and Prometheus Integration
client-go,Management for DevOps
inspektor-gadget,Service and Cluster Management in Networking
cloud-custodian,Security Policies and Meetings
devspace-cloud,Kubernetes Cluster Management and Resource Provisioning.
tink,Service and Cluster Management in Networking
kubevirt,Service and Cluster Management in Networking
coredns,Metric Monitoring and Prometheus Integration
kube,Service and Cluster Management in Networking
OpenMetrics,Security Policies and Meetings
cortex,Security Policies and Meetings
kyverno,Security Policies and Meetings
kubedl,Service and Cluster Management in Networking
teller,Kubernetes Cluster Management and Resource Provisioning.
KubeArmor,Security Policies and Meetings
client_python,Metric Monitoring and Prometheus Integration
merbridge,Kubernetes Cluster Management and Resource Provisioning.
cni,Service and Cluster Management in Networking
distribution,Containerization and Docker Commands
pack,Management for DevOps
project,Security Policies and Meetings
dapr,Service and Cluster Management in Networking
community,Security Policies and Meetings
Kubernetes_Security_Specialist_Study_Guide,Service and Cluster Management in Networking
schemahero,Service and Cluster Management in Networking
chaos-mesh,Containerization and Docker Commands
CNI-Genie,Service and Cluster Management in Networking
spec,Management for DevOps
notation,Security Policies and Meetings
Dragonfly2,Containerization and Docker Commands
litmus,Containerization and Docker Commands
akri,Service and Cluster Management in Networking
kube-ovn,Service and Cluster Management in Networking
slim,Containerization and Docker Commands
zot,Containerization and Docker Commands
specification,Security Policies and Meetings
baremetal-operator,Containerization and Docker Commands
fabedge,Service and Cluster Management in Networking
trickster,Security Policies and Meetings
envoy,Security Policies and Meetings
eraser,Security Policies and Meetings
metallb,Management for DevOps
pipecd,Service and Cluster Management in Networking
proxy,Service and Cluster Management in Networking
contour,Security Policies and Meetings
microcks,Management for DevOps
telepresence,Kubernetes Cluster Management and Resource Provisioning.
opentelemetry-specification,Management for DevOps
pravega,Management for DevOps
nats-server,Security Policies and Meetings
kuberhealthy,Kubernetes Cluster Management and Resource Provisioning.
ContainerSSH,Security Policies and Meetings
athenz,Service and Cluster Management in Networking
backstage,Security Policies and Meetings
armada,Service and Cluster Management in Networking
